fecha,turno,activo,pais,identificador_orbita,norad,frecuencia,velocidad_km_s,argumento_perigeo_deg,perigeo_km,apogeo_km,altitud_km,paso_inicio_hl,paso_fin_hl,estado,tle1,tle2
2026-09-05,07:00-23:00,GALAPAGOS-UTE,ECUADOR,3848,67279,437.050Mhz(dwl),7.59,85.89,491,512,530.0,08:11,08:23,ACTIVO,1 67279U 25313AH 26248.15075620 .00003701 00000-0 15644-3 0 9997,2 67279 97.3860 321.5269 0015402 84.2343 276.0649 15.23744689 38127
2026-09-05,07:00-23:00,AMAZONIA 1,BRASIL,29036,47699,,7.46,98.43,761,765,758.0,10:38,10:51,ACTIVO,1 47699U 21015A 26248.15915745 .00000065 00000-0 33879-4 0 9998,2 47699 98.4252 319.6682 0002337 341.6882 18.4223 14.40843133290168
2026-09-05,07:00-23:00,NEE-01,ECUADOR,72275,39151,910 Mhz,7.56,258.92,585,600,592.0,16:02,16:13,INACTIVO,1 39151U 13018B 26248.37711302 .00001118 00000-0 11063-3 0 9993,2 39151 98.1337 35.2498 0011043 258.9204 101.0773 14.93988296722674
2026-09-05,07:00-23:00,FASAT-C,CHILE,79726,38011,,7.53,91.7,627,629,649.0,21:55,22:02,ACTIVO,1 38011U 11076E 26248.87879500 .00000704 00000-0 93822-4 0 9993,2 38011 97.7992 307.3331 0001382 91.6996 23.8775 14.82645316796332
2026-09-06,07:00-23:00,AMAZONIA 1,BRASIL,29051,47699,,7.48,337.54,761,764,769.0,09:59,10:11,ACTIVO,1 47699U 21015A 26249.13137345 .00000069 00000-0 35029-4 0 9992,2 47699 98.4251 320.6260 0002275 337.5385 22.5704 14.40843406290303
2026-09-06,07:00-23:00,PERUSAT-01,PERU,53114,41770,,7.49,85.58,704,706,719.0,10:39,10:52,ACTIVO,1 41770U 16058A 26249.32406337 .00000118 00000-0 35248-4 0 9996,2 41770 98.1959 321.8998 0001464 85.5754 274.5613 14.58554316530920
2026-09-06,07:00-23:00,GALAPAGOS-UTE,ECUADOR,3864,67279,437.050Mhz(dwl),7.63,84.23,491,512,496.0,11:17,11:27,ACTIVO,1 67279U 25313AH 26248.15075620 .00003701 00000-0 15644-3 0 9997,2 67279 97.3860 321.5269 0015402 84.2343 276.0649 15.23744689 38127
2026-09-06,07:00-23:00,NEE-02,ECUADOR,68833,39441,980 Mhz,7.5,162.34,569,661,654.0,13:33,13:45,INACTIVO,1 39441U 13066AB 26249.30688231 .00000858 00000-0 98664-4 0 9999,2 39441 97.8925 187.9731 0066046 162.3371 198.0162 14.86884832688252
2026-09-07,07:00-23:00,PERUSAT-01,PERU,53114,41770,,7.51,84.6,704,706,702.05,10:52,10:54,ACTIVO,1 41770U 16058A 26250.28448712 -.00000028 00000-0 38433-5 0 9997,2 41770 98.1961 322.8468 0001441 84.6039 275.5325 14.58554064531064
2026-09-07,07:00-23:00,GALAPAGOS-UTE,ECUADOR,3848,67279,437.050Mhz(dwl),7.61,77.82,491,512,501.13,11:15,11:25,ACTIVO,1 67279U 25313AH 26250.18650801 .00004640 00000-0 19525-3 0 9998,2 67279 97.3864 323.5312 0015321 77.8157 282.4795 15.23765239 38434
2026-09-07,07:00-23:00,NEE-01,ECUADOR,72306,39151,910 Mhz,7.57,252.65,585,600,586.49,16:00,16:20,INACTIVO,1 39151U 13018B 26250.11848600 .00001258 00000-0 12376-3 0 9993,2 39151 98.1340 37.0521 0011163 252.6469 107.3529 14.93992681722932
2026-09-07,07:00-23:00,SAOCOM 1B,ARGENTINA,32575,46265,,7.54,84.68,629,631,630.6,16:37,16:41,ACTIVO,1 46265U 20059A 26250.59764741 -.00000159 00000-0 -13382-4 0 9995,2 46265 97.8909 75.2612 0001425 84.2451 275.8925 14.82159984325690
2026-09-07,07:00-23:00,VRSS-2,VENEZUELA,48094,42954,,7.56,184.65,620,644,635.32,21:09,21:19,ACTIVO,1 42954U 17060A 26250.66781527 .00000479 00000-0 67756-4 0 9990,2 42954 97.7537 284.6961 0017308 184.6461 175.4594 14.81300504480664
2026-09-08,07:00-23:00,VRSS-2,VENEZUELA,48101,42954,,7.55,182.01,620,645,628.11,08:53,08:55,ACTIVO,1 42954U 17060A 26251.34332056 -.00000011 00000-0 52093-5 0 9997,2 42954 97.7756 285.3507 0017539 182.0071 178.1075 14.81270742480761
2026-09-08,07:00-23:00,PERUSAT-01,PERU,53159,41770,,7.5,82.68,704,706,701.1,10:37,10:39,ACTIVO,1 41770U 16058A 26252.34253631 .00000189 00000-0 50420-4 0 9996,2 41770 98.1965 324.8765 0001447 82.6842 277.4522 14.58555557531367
2026-09-08,07:00-23:00,NEE-02,ECUADOR,68864,39441,980 Mhz,7.51,155.98,569,661,651.9,14:06,14:09,INACTIVO,1 39441U 13066AB 26251.25847644 .00001206 00000-0 13605-3 0 9990,2 39441 97.8927 189.9125 0066211 155.9820 204.4509 14.86890405688546
2026-09-08,07:00-23:00,GALAPAGOS-UTE,ECUADOR,3903,67279,437.050Mhz(dwl),7.61,76.18,491,512,498.36,22:39,22:50,ACTIVO,1 67279U 25313AH 26251.76255419 .00006824 00000-0 28553-3 0 9996,2 67279 97.3866 325.0831 0015271 72.8936 287.3973 15.23786174 38672
2026-09-09,07:00-23:00,GALAPAGOS-UTE,ECUADOR,3911,67279,437.050Mhz(dwl),7.61,71.72,491,512,501.68,10:35,10:36,ACTIVO,1 67279U 25313AH 26252.15656263 .00007164 00000-0 29957-3 0 9999,2 67279 97.3867 325.4710 0015236 71.7198 288.5696 15.23790989 38733
2026-09-09,07:00-23:00,PERUSAT-01,PERU,53159,41770,N/A,7.5,82.68,704,706,701.1,10:37,10:39,ACTIVO,1 41770U 16058A 26252.34253631 .00000189 00000-0 50420-4 0 9996,2 41770 98.1965 324.8765 0001447 82.6842 277.4522 14.58555557531367
2026-09-09,07:00-23:00,NEE-02,ECUADOR,53160,39441,980 Mhz,7.51,152.7,568,661,650.48,14:19,14:21,INACTIVO,1 39441U 13066AB 26252.26791949 .00001132 00000-0 12814-3 0 9997,2 39441 97.8928 190.9156 0066300 152.6950 207.7776 14.86892041688696
2026-09-09,07:00-23:00,NEE-01,ECUADOR,72336,39151,910 mHZ,7.57,248.75,585,600,584.98,16:31,16:34,INACTIVO,1 39151U 13018B 26251.19009676 .00001515 00000-0 14780-4 0 9991,2 39151 98.1342 38.1613 0011214 248.7550 111.2472 14.93997484723097
2026-09-09,07:00-23:00,SSOT,CHILE,79679,38011,,7.54,97.8,627,629,624.1,21:35,21:36,ACTIVO,1 38011U 11076E 26252.93896207 .00000412 00000-0 57529-4 0 9998,2 38011 97.7996 311.2929 0001377 90.8289 82.7631 14.82649572796932
2026-09-10,07:00-17:00,SSOT,CHILE,79759,38011,,7.55,91.41,627,629,623.0,09:55,10:04,ACTIVO,1 38011U 11076E 26253.86242977 .00000586 00000-0 79059-4 0 9994,2 38011 97.7996 312.1934 0001389 91.4066 328.2194 14.82651346797071
2026-09-10,07:00-17:00,AMAZONIA 1,BRASIL,29094,47699,,7.47,323.95,761,764,761.0,11:10,11:21,ACTIVO,1 47699U 21015A 26252.81190423 .00000114 00000-0 49217-4 0 9992,2 47699 98.4248 324.2517 0002096 323.9474 36.1573 14.40844621290836
2026-09-10,07:00-17:00,PERUSAT-01,PERU,53200,41770,,7.5,323.95,704,706,707.0,11:14,11:25,ACTIVO,1 41770U 16058A 26253.30295890 .00000066 00000-0 24007-4 0 9992,2 41770 98.1966 325.8238 0001452 81.9505 278.1859 14.58555718531504
2026-09-10,07:00-17:00,NEE-01,ECUADOR,72351,39151,910 mHZ,7.57,248.75,585,600,585.0,16:37,16:45,INACTIVO,1 39151U 13018B 26253.40028851 .00001523 00000-0 14860-3 0 9991,2 39151 98.1344 40.4491 0011354 240.7144 119.2941 14.94003638723421
2026-09-11,07:00-17:00,PERUSAT-01,PERU,53200,41770,,7.5,82.28,704,706,707.0,10:20,10:35,ACTIVO,1 41770U 16058A 26254.60638851 .00000217 00000-0 56612-4 0 9999,2 41770 98.1966 327.1096 0001459 82.3924 277.7440 14.58556947531694
2026-09-11,07:00-17:00,AMAZONIA 1,BRASIL,29094,47699,,7.47,323.95,761,764,761.0,10:50,11:05,ACTIVO,1 47699U 21015A 26254.47855891 .00000117 00000-0 50087-4 0 9993,2 47699 98.4246 325.8935 0002016 316.9578 43.1453 14.40845074291079
2026-09-11,07:00-17:00,GALAPAGOS-UTE,ECUADOR,3930,67279,437.050Mhz(dwl),7.61,65.89,491,512,505.0,11:25,11:35,ACTIVO,1 67279U 25313AH 26253.99525231 .00005006 00000-0 21017-3 0 9994,2 67279 97.3863 327.2818 0015138 65.8906 294.3913 15.23809164 39015
2026-09-11,07:00-17:00,NEE-02,ECUADOR,53160,39441,980 Mhz,7.51,240.71,568,661,650.48,13:39,13:45,INACTIVO,1 39441U 13066AB 26254.55598279 .00001162 00000-0 13127-3 0 9993,2 39441 97.8931 193.1894 0066483 145.2492 215.3094 14.86897646689038
2026-09-11,07:00-17:00,PERUSAT-01,PERU,53200,41770,,7.5,81.4,704,706,707.0,21:27,21:35,ACTIVO,41770U 16058A 26254.81219353 .00000265 00000-0 66824-4 0 9999,2 41770 98.1965 327.3125 0001459 81.4049 278.7315 14.58556944531729
